,0
0,Israel warns south Lebanon residents not to return home after ceasefire with Hezbollah
1,"Israel Hezbollah ceasefire deal agreed, confirms Biden"
2,Watch: People in Israel and Lebanon react to ceasefire deal
3,What we know about Israel-Hezbollah ceasefire deal
4,Israeli anger at 'irresponsible and hasty' ceasefire
5,Questions over Hezbollah's future after ceasefire
6,Five survivors found day after Red Sea tourist boat sinking
7,Families of Australians killed in Laos call for answers
8,Key Russian air defence system hit in Ukraine Atacms strike
9,"Trump vows tariffs on Mexico, Canada and China on day one"
10,No 10 dismisses Russia spy claims as 'baseless'
11,Families of Australians killed in Laos call for answers
12,Imran Khan supporters pushed back by security forces
13,Officer who Tasered 95-year-old guilty of manslaughter
14,Why India's latest Sun mission finding is crucial for the world
15,Key Russian air defence system hit in Ukraine Atacms strike
16,More single women and female couples in UK having IVF
17,World's oldest man dies aged 112
18,Husband of Indian woman murdered in UK was arrested before
19,Special counsel's last criminal case against Trump dismissed
20,Is Namibia going to elect its first female leader?
21,Trump proves he is serious on tariffs - but it's not about trade
22,Russian deserter reveals war secrets of guarding nuclear base
23,"The 13-year-old Indian cricketer who won a $130,500 IPL deal"
24,Gangsters block aid distribution in south Gaza
25,'Like a golden ticket' - Menendez brothers case sparks frenzy in LA
26,Russian deserter reveals war secrets of guarding nuclear base
27,'Don't drink the spirits': Laos backpackers avoid shots after suspected poisonings
28,Celebrating the king banished by the British
29,"The 13-year-old Indian cricketer who won a $130,500 IPL deal"
30,Watch: People in Israel and Lebanon react to ceasefire deal
31,Biden confirms 'good news' of Israel-Hezbollah ceasefire deal
32,Watch: Netanyahu explains why Israel agreed ceasefire deal
33,How big is the problem of people not working?
34,US travellers pack airports ahead of Thanksgiving holiday
35,KSI and IShowSpeed team up with soccer stars for Baller League launch
36,Drake takes legal action over Kendrick Lamar’s Not Like Us
37,Fear grips Indian city after deadly weekend clashes
38,More than 30 stranded whales rescued in New Zealand
39,Prosecutors demand 20-year jail sentence for husband in mass rape trial
40,Drake takes legal action over Kendrick Lamar’s Not Like Us
41,LinkedIn: We're too boring for kids for social media ban
42,Russia confirms capture of British man accused of fighting for Ukraine
43,Fear grips Indian city after deadly weekend clashes
44,Key Russian air defence system hit in Ukraine Atacms strike
45,Why India's latest Sun mission finding is crucial for the world
46,Israeli anger at 'irresponsible and hasty' ceasefire
47,What we know about Israel-Hezbollah ceasefire deal
48,Officer who Tasered 95-year-old guilty of manslaughter
49,Families of Australians killed in Laos call for answers
50,Questions over Hezbollah's future after ceasefire
51,Five survivors found day after Red Sea tourist boat sinking
52,Dad of missing Hannah Kobayashi found dead in LA
53,Trump proves he is serious on tariffs - but it's not about trade
54,"'Fragile, frail & weak' - Man City's defensive woes continue"
55,'Where we belong' - Saka stars as Arsenal thrash Sporting
56,Inter Milan go top with narrow win over RB Leipzig
57,Lewandowski nets 100th Champions League goal in Barca win
58,Hill's traffic ticket dropped after police detainment
59,'Where we belong' - Saka stars as Arsenal thrash Sporting
60,'We know what we're doing' - Stokes on Bethell
61,'Ruined himself' - the startling decline of Labuschagne
62,Inter Milan go top with narrow win over RB Leipzig
